agent,config_id,n_queries,faithfulness,answer_relevancy,context_precision,context_recall,correctness,quality
A_dispatcher,gemma2-2b__Q5_K_M__c2048,52,,,,,,0.6448
A_dispatcher,gemma2-2b__Q5_K_M__c4096,52,,,,,,0.6448
A_dispatcher,gemma2-2b__Q5_K_M__c8192,52,,,,,,0.6448
A_dispatcher,gemma2-2b__Q8_0__c2048,52,,,,,,0.5038
A_dispatcher,gemma2-2b__Q8_0__c4096,52,,,,,,0.5038
A_dispatcher,gemma2-2b__Q8_0__c8192,52,,,,,,0.5038
A_dispatcher,llama3.2-1b__Q5_K_M__c2048,52,,,,,,0.2669
A_dispatcher,llama3.2-1b__Q5_K_M__c4096,52,,,,,,0.2669
A_dispatcher,llama3.2-1b__Q5_K_M__c8192,52,,,,,,0.2669
A_dispatcher,llama3.2-1b__Q8_0__c2048,52,,,,,,0.3405
A_dispatcher,llama3.2-1b__Q8_0__c4096,52,,,,,,0.3405
A_dispatcher,llama3.2-1b__Q8_0__c8192,52,,,,,,0.3405
A_dispatcher,llama3.2-3b__Q5_K_M__c2048,52,,,,,,0.0787
A_dispatcher,llama3.2-3b__Q5_K_M__c4096,52,,,,,,0.0787
A_dispatcher,llama3.2-3b__Q5_K_M__c8192,52,,,,,,0.0787
A_dispatcher,llama3.2-3b__Q8_0__c2048,52,,,,,,0.0326
A_dispatcher,llama3.2-3b__Q8_0__c4096,52,,,,,,0.0326
A_dispatcher,llama3.2-3b__Q8_0__c8192,52,,,,,,0.0326
A_dispatcher,mistral-7b__Q3_K_M__c2048,52,,,,,,0.5338
A_dispatcher,mistral-7b__Q3_K_M__c4096,52,,,,,,0.5338
A_dispatcher,mistral-7b__Q3_K_M__c8192,52,,,,,,0.5338
A_dispatcher,mistral-7b__Q5_K_M__c2048,52,,,,,,0.649
A_dispatcher,mistral-7b__Q5_K_M__c4096,52,,,,,,0.649
A_dispatcher,mistral-7b__Q5_K_M__c8192,52,,,,,,0.649
A_dispatcher,phi3.5-mini__Q3_K_M__c2048,52,,,,,,0.6572
A_dispatcher,phi3.5-mini__Q3_K_M__c4096,52,,,,,,0.6572
A_dispatcher,phi3.5-mini__Q3_K_M__c8192,52,,,,,,0.6572
A_dispatcher,phi3.5-mini__Q5_K_M__c2048,52,,,,,,0.6449
A_dispatcher,phi3.5-mini__Q5_K_M__c4096,52,,,,,,0.6449
A_dispatcher,phi3.5-mini__Q5_K_M__c8192,52,,,,,,0.6449
A_dispatcher,qwen2.5-0_5b__Q3_K_M__c2048,52,,,,,,0.1965
A_dispatcher,qwen2.5-0_5b__Q3_K_M__c4096,52,,,,,,0.1965
A_dispatcher,qwen2.5-0_5b__Q3_K_M__c8192,52,,,,,,0.1965
A_dispatcher,qwen2.5-0_5b__Q5_K_M__c2048,52,,,,,,0.3664
A_dispatcher,qwen2.5-0_5b__Q5_K_M__c4096,52,,,,,,0.3664
A_dispatcher,qwen2.5-0_5b__Q5_K_M__c8192,52,,,,,,0.3664
A_dispatcher,qwen2.5-0_5b__Q8_0__c2048,52,,,,,,0.3591
A_dispatcher,qwen2.5-0_5b__Q8_0__c4096,52,,,,,,0.3591
A_dispatcher,qwen2.5-0_5b__Q8_0__c8192,52,,,,,,0.3591
A_dispatcher,qwen2.5-1_5b__Q3_K_M__c2048,52,,,,,,0.1442
A_dispatcher,qwen2.5-1_5b__Q3_K_M__c4096,52,,,,,,0.1442
A_dispatcher,qwen2.5-1_5b__Q3_K_M__c8192,52,,,,,,0.1442
A_dispatcher,qwen2.5-1_5b__Q5_K_M__c2048,52,,,,,,0.2396
A_dispatcher,qwen2.5-1_5b__Q5_K_M__c4096,52,,,,,,0.2396
A_dispatcher,qwen2.5-1_5b__Q5_K_M__c8192,52,,,,,,0.2396
A_dispatcher,qwen2.5-1_5b__Q8_0__c2048,52,,,,,,0.212
A_dispatcher,qwen2.5-1_5b__Q8_0__c4096,52,,,,,,0.212
A_dispatcher,qwen2.5-1_5b__Q8_0__c8192,52,,,,,,0.212
A_dispatcher,qwen2.5-3b__Q3_K_M__c2048,52,,,,,,0.3717
A_dispatcher,qwen2.5-3b__Q3_K_M__c4096,52,,,,,,0.3717
A_dispatcher,qwen2.5-3b__Q3_K_M__c8192,52,,,,,,0.3717
A_dispatcher,qwen2.5-3b__Q5_K_M__c2048,52,,,,,,0.3953
A_dispatcher,qwen2.5-3b__Q5_K_M__c4096,52,,,,,,0.3953
A_dispatcher,qwen2.5-3b__Q5_K_M__c8192,52,,,,,,0.3953
A_dispatcher,qwen2.5-3b__Q8_0__c2048,52,,,,,,0.5191
A_dispatcher,qwen2.5-3b__Q8_0__c4096,52,,,,,,0.5191
A_dispatcher,qwen2.5-3b__Q8_0__c8192,52,,,,,,0.5191
A_dispatcher,smollm2-1_7b__Q3_K_M__c2048,52,,,,,,0.2513
A_dispatcher,smollm2-1_7b__Q3_K_M__c4096,52,,,,,,0.2513
A_dispatcher,smollm2-1_7b__Q3_K_M__c8192,52,,,,,,0.2513
A_dispatcher,smollm2-1_7b__Q5_K_M__c2048,52,,,,,,0.0915
A_dispatcher,smollm2-1_7b__Q5_K_M__c4096,52,,,,,,0.0915
A_dispatcher,smollm2-1_7b__Q5_K_M__c8192,52,,,,,,0.0915
A_dispatcher,smollm2-1_7b__Q8_0__c2048,52,,,,,,0.1809
A_dispatcher,smollm2-1_7b__Q8_0__c4096,52,,,,,,0.1809
A_dispatcher,smollm2-1_7b__Q8_0__c8192,52,,,,,,0.1809
A_dispatcher,smollm2-360m__Q3_K_M__c2048,52,,,,,,0.3544
A_dispatcher,smollm2-360m__Q3_K_M__c4096,52,,,,,,0.3544
A_dispatcher,smollm2-360m__Q3_K_M__c8192,52,,,,,,0.3544
A_dispatcher,smollm2-360m__Q5_K_M__c2048,52,,,,,,0.4213
A_dispatcher,smollm2-360m__Q5_K_M__c4096,52,,,,,,0.4213
A_dispatcher,smollm2-360m__Q5_K_M__c8192,52,,,,,,0.4213
A_dispatcher,smollm2-360m__Q8_0__c2048,52,,,,,,0.3901
A_dispatcher,smollm2-360m__Q8_0__c4096,52,,,,,,0.3901
A_dispatcher,smollm2-360m__Q8_0__c8192,52,,,,,,0.3901
A_negoziazione_assistita_e_mediazione_familiare,gemma2-2b__Q5_K_M__c4096,6,0.7009,0.6873,0.8,0.475,0.7337,0.6941
A_negoziazione_assistita_e_mediazione_familiare,gemma2-2b__Q5_K_M__c8192,6,0.7009,0.6873,0.8,0.475,0.7337,0.6941
A_negoziazione_assistita_e_mediazione_familiare,gemma2-2b__Q8_0__c4096,6,0.7088,0.6978,0.8,0.475,0.7502,0.7033
A_negoziazione_assistita_e_mediazione_familiare,gemma2-2b__Q8_0__c8192,6,0.7088,0.6978,0.8,0.475,0.7502,0.7033
A_negoziazione_assistita_e_mediazione_familiare,llama3.2-1b__Q5_K_M__c4096,6,0.7632,0.7168,0.8,0.475,0.7997,0.74
A_negoziazione_assistita_e_mediazione_familiare,llama3.2-1b__Q5_K_M__c8192,6,0.7632,0.7168,0.8,0.475,0.7997,0.74
A_negoziazione_assistita_e_mediazione_familiare,llama3.2-1b__Q8_0__c4096,6,0.7423,0.6749,0.8,0.475,0.7906,0.7086
A_negoziazione_assistita_e_mediazione_familiare,llama3.2-1b__Q8_0__c8192,6,0.7423,0.6749,0.8,0.475,0.7906,0.7086
A_negoziazione_assistita_e_mediazione_familiare,llama3.2-3b__Q5_K_M__c4096,6,0.6973,0.7112,0.8,0.475,0.7371,0.7043
A_negoziazione_assistita_e_mediazione_familiare,llama3.2-3b__Q5_K_M__c8192,6,0.6973,0.7112,0.8,0.475,0.7371,0.7043
A_negoziazione_assistita_e_mediazione_familiare,llama3.2-3b__Q8_0__c4096,6,0.6991,0.7157,0.8,0.475,0.7352,0.7074
A_negoziazione_assistita_e_mediazione_familiare,llama3.2-3b__Q8_0__c8192,6,0.6991,0.7157,0.8,0.475,0.7352,0.7074
A_negoziazione_assistita_e_mediazione_familiare,mistral-7b__Q3_K_M__c4096,6,0.7251,0.7155,0.8,0.475,0.7716,0.7203
A_negoziazione_assistita_e_mediazione_familiare,mistral-7b__Q3_K_M__c8192,6,0.7251,0.7155,0.8,0.475,0.7716,0.7203
A_negoziazione_assistita_e_mediazione_familiare,mistral-7b__Q5_K_M__c4096,6,0.7648,0.724,0.8,0.475,0.808,0.7444
A_negoziazione_assistita_e_mediazione_familiare,mistral-7b__Q5_K_M__c8192,6,0.7648,0.724,0.8,0.475,0.808,0.7444
A_negoziazione_assistita_e_mediazione_familiare,phi3.5-mini__Q3_K_M__c4096,6,0.7251,0.6904,0.8,0.475,0.7379,0.7077
A_negoziazione_assistita_e_mediazione_familiare,phi3.5-mini__Q3_K_M__c8192,6,0.7251,0.6904,0.8,0.475,0.7379,0.7077
A_negoziazione_assistita_e_mediazione_familiare,phi3.5-mini__Q5_K_M__c4096,6,0.7211,0.721,0.8,0.475,0.759,0.721
A_negoziazione_assistita_e_mediazione_familiare,phi3.5-mini__Q5_K_M__c8192,6,0.7211,0.721,0.8,0.475,0.759,0.721
A_negoziazione_assistita_e_mediazione_familiare,qwen2.5-0_5b__Q3_K_M__c4096,6,0.6015,0.6048,0.8,0.475,0.6091,0.6032
A_negoziazione_assistita_e_mediazione_familiare,qwen2.5-0_5b__Q3_K_M__c8192,6,0.6015,0.6048,0.8,0.475,0.6091,0.6032
A_negoziazione_assistita_e_mediazione_familiare,qwen2.5-0_5b__Q5_K_M__c4096,6,0.5061,0.493,0.8,0.475,0.5285,0.4996
A_negoziazione_assistita_e_mediazione_familiare,qwen2.5-0_5b__Q5_K_M__c8192,6,0.5061,0.493,0.8,0.475,0.5285,0.4996
A_negoziazione_assistita_e_mediazione_familiare,qwen2.5-0_5b__Q8_0__c4096,6,0.439,0.4756,0.8,0.475,0.4828,0.4573
A_negoziazione_assistita_e_mediazione_familiare,qwen2.5-0_5b__Q8_0__c8192,6,0.439,0.4756,0.8,0.475,0.4828,0.4573
A_negoziazione_assistita_e_mediazione_familiare,qwen2.5-1_5b__Q3_K_M__c4096,6,0.5819,0.6059,0.8,0.475,0.6162,0.5939
A_negoziazione_assistita_e_mediazione_familiare,qwen2.5-1_5b__Q3_K_M__c8192,6,0.5819,0.6059,0.8,0.475,0.6162,0.5939
A_negoziazione_assistita_e_mediazione_familiare,qwen2.5-1_5b__Q5_K_M__c4096,6,0.7212,0.7347,0.8,0.475,0.7573,0.7279
A_negoziazione_assistita_e_mediazione_familiare,qwen2.5-1_5b__Q5_K_M__c8192,6,0.7212,0.7347,0.8,0.475,0.7573,0.7279
A_negoziazione_assistita_e_mediazione_familiare,qwen2.5-1_5b__Q8_0__c4096,6,0.7515,0.7161,0.8,0.475,0.7819,0.7338
A_negoziazione_assistita_e_mediazione_familiare,qwen2.5-1_5b__Q8_0__c8192,6,0.7515,0.7161,0.8,0.475,0.7819,0.7338
A_negoziazione_assistita_e_mediazione_familiare,qwen2.5-3b__Q3_K_M__c4096,6,0.7244,0.6989,0.8,0.475,0.7524,0.7116
A_negoziazione_assistita_e_mediazione_familiare,qwen2.5-3b__Q3_K_M__c8192,6,0.7244,0.6989,0.8,0.475,0.7524,0.7116
A_negoziazione_assistita_e_mediazione_familiare,qwen2.5-3b__Q5_K_M__c4096,6,0.7609,0.705,0.8,0.475,0.7774,0.733
A_negoziazione_assistita_e_mediazione_familiare,qwen2.5-3b__Q5_K_M__c8192,6,0.7609,0.705,0.8,0.475,0.7774,0.733
A_negoziazione_assistita_e_mediazione_familiare,qwen2.5-3b__Q8_0__c4096,6,0.7268,0.6924,0.8,0.475,0.7443,0.7096
A_negoziazione_assistita_e_mediazione_familiare,qwen2.5-3b__Q8_0__c8192,6,0.7268,0.6924,0.8,0.475,0.7443,0.7096
A_negoziazione_assistita_e_mediazione_familiare,smollm2-1_7b__Q3_K_M__c4096,6,0.7082,0.6055,0.8,0.475,0.6872,0.6569
A_negoziazione_assistita_e_mediazione_familiare,smollm2-1_7b__Q3_K_M__c8192,6,0.7082,0.6055,0.8,0.475,0.6872,0.6569
A_negoziazione_assistita_e_mediazione_familiare,smollm2-1_7b__Q5_K_M__c4096,6,0.5786,0.6647,0.8,0.475,0.6163,0.6217
A_negoziazione_assistita_e_mediazione_familiare,smollm2-1_7b__Q5_K_M__c8192,6,0.5786,0.6647,0.8,0.475,0.6163,0.6217
A_negoziazione_assistita_e_mediazione_familiare,smollm2-1_7b__Q8_0__c4096,6,0.6787,0.704,0.8,0.475,0.7107,0.6913
A_negoziazione_assistita_e_mediazione_familiare,smollm2-1_7b__Q8_0__c8192,6,0.6787,0.704,0.8,0.475,0.7107,0.6913
A_negoziazione_assistita_e_mediazione_familiare,smollm2-360m__Q3_K_M__c4096,6,0.6986,0.7169,0.8,0.475,0.6623,0.7077
A_negoziazione_assistita_e_mediazione_familiare,smollm2-360m__Q3_K_M__c8192,6,0.6986,0.7169,0.8,0.475,0.6623,0.7077
A_negoziazione_assistita_e_mediazione_familiare,smollm2-360m__Q5_K_M__c4096,6,0.6198,0.6461,0.8,0.475,0.6483,0.633
A_negoziazione_assistita_e_mediazione_familiare,smollm2-360m__Q5_K_M__c8192,6,0.6198,0.6461,0.8,0.475,0.6483,0.633
A_negoziazione_assistita_e_mediazione_familiare,smollm2-360m__Q8_0__c4096,6,0.6145,0.6605,0.8,0.475,0.6454,0.6375
A_negoziazione_assistita_e_mediazione_familiare,smollm2-360m__Q8_0__c8192,6,0.6145,0.6605,0.8,0.475,0.6454,0.6375
A_patrimoniale_comunione,gemma2-2b__Q5_K_M__c4096,6,0.7799,0.6336,0.92,0.5111,0.7444,0.7067
A_patrimoniale_comunione,gemma2-2b__Q5_K_M__c8192,6,0.7799,0.6336,0.92,0.5111,0.7444,0.7067
A_patrimoniale_comunione,gemma2-2b__Q8_0__c4096,6,0.7975,0.6663,0.92,0.5111,0.7627,0.7319
A_patrimoniale_comunione,gemma2-2b__Q8_0__c8192,6,0.7975,0.6663,0.92,0.5111,0.7627,0.7319
A_patrimoniale_comunione,llama3.2-1b__Q5_K_M__c4096,6,0.8106,0.718,0.92,0.5111,0.8314,0.7643
A_patrimoniale_comunione,llama3.2-1b__Q5_K_M__c8192,6,0.8106,0.718,0.92,0.5111,0.8314,0.7643
A_patrimoniale_comunione,llama3.2-1b__Q8_0__c4096,6,0.7555,0.6626,0.92,0.5111,0.7768,0.709
A_patrimoniale_comunione,llama3.2-1b__Q8_0__c8192,6,0.7555,0.6626,0.92,0.5111,0.7768,0.709
A_patrimoniale_comunione,llama3.2-3b__Q5_K_M__c4096,6,0.7342,0.7242,0.92,0.5111,0.7528,0.7292
A_patrimoniale_comunione,llama3.2-3b__Q5_K_M__c8192,6,0.7342,0.7242,0.92,0.5111,0.7528,0.7292
A_patrimoniale_comunione,llama3.2-3b__Q8_0__c4096,6,0.7077,0.7108,0.92,0.5111,0.7297,0.7093
A_patrimoniale_comunione,llama3.2-3b__Q8_0__c8192,6,0.7077,0.7108,0.92,0.5111,0.7297,0.7093
A_patrimoniale_comunione,mistral-7b__Q3_K_M__c4096,6,0.7462,0.7104,0.92,0.5111,0.7612,0.7283
A_patrimoniale_comunione,mistral-7b__Q3_K_M__c8192,6,0.7462,0.7104,0.92,0.5111,0.7612,0.7283
A_patrimoniale_comunione,mistral-7b__Q5_K_M__c4096,6,0.7464,0.7075,0.92,0.5111,0.7715,0.7269
A_patrimoniale_comunione,mistral-7b__Q5_K_M__c8192,6,0.7464,0.7075,0.92,0.5111,0.7715,0.7269
A_patrimoniale_comunione,phi3.5-mini__Q3_K_M__c4096,6,0.728,0.7257,0.92,0.5111,0.7442,0.7268
A_patrimoniale_comunione,phi3.5-mini__Q3_K_M__c8192,6,0.728,0.7257,0.92,0.5111,0.7442,0.7268
A_patrimoniale_comunione,phi3.5-mini__Q5_K_M__c4096,6,0.7188,0.6994,0.92,0.5111,0.731,0.7091
A_patrimoniale_comunione,phi3.5-mini__Q5_K_M__c8192,6,0.7188,0.6994,0.92,0.5111,0.731,0.7091
A_patrimoniale_comunione,qwen2.5-0_5b__Q3_K_M__c4096,6,0.5207,0.4539,0.92,0.5111,0.51,0.4873
A_patrimoniale_comunione,qwen2.5-0_5b__Q3_K_M__c8192,6,0.5207,0.4539,0.92,0.5111,0.51,0.4873
A_patrimoniale_comunione,qwen2.5-0_5b__Q5_K_M__c4096,6,0.4321,0.3921,0.92,0.5111,0.4339,0.4121
A_patrimoniale_comunione,qwen2.5-0_5b__Q5_K_M__c8192,6,0.4321,0.3921,0.92,0.5111,0.4339,0.4121
A_patrimoniale_comunione,qwen2.5-0_5b__Q8_0__c4096,6,0.409,0.3307,0.92,0.5111,0.4027,0.3699
A_patrimoniale_comunione,qwen2.5-0_5b__Q8_0__c8192,6,0.409,0.3307,0.92,0.5111,0.4027,0.3699
A_patrimoniale_comunione,qwen2.5-1_5b__Q3_K_M__c4096,6,0.6255,0.4813,0.92,0.5111,0.5959,0.5534
A_patrimoniale_comunione,qwen2.5-1_5b__Q3_K_M__c8192,6,0.6255,0.4813,0.92,0.5111,0.5959,0.5534
A_patrimoniale_comunione,qwen2.5-1_5b__Q5_K_M__c4096,6,0.7219,0.7324,0.92,0.5111,0.751,0.7272
A_patrimoniale_comunione,qwen2.5-1_5b__Q5_K_M__c8192,6,0.7219,0.7324,0.92,0.5111,0.751,0.7272
A_patrimoniale_comunione,qwen2.5-1_5b__Q8_0__c4096,6,0.6338,0.6468,0.92,0.5111,0.6591,0.6403
A_patrimoniale_comunione,qwen2.5-1_5b__Q8_0__c8192,6,0.6338,0.6468,0.92,0.5111,0.6591,0.6403
A_patrimoniale_comunione,qwen2.5-3b__Q3_K_M__c4096,6,0.7285,0.7033,0.92,0.5111,0.7338,0.7159
A_patrimoniale_comunione,qwen2.5-3b__Q3_K_M__c8192,6,0.7285,0.7033,0.92,0.5111,0.7338,0.7159
A_patrimoniale_comunione,qwen2.5-3b__Q5_K_M__c4096,6,0.759,0.7182,0.92,0.5111,0.7691,0.7386
A_patrimoniale_comunione,qwen2.5-3b__Q5_K_M__c8192,6,0.759,0.7182,0.92,0.5111,0.7691,0.7386
A_patrimoniale_comunione,qwen2.5-3b__Q8_0__c4096,6,0.743,0.7186,0.92,0.5111,0.7493,0.7308
A_patrimoniale_comunione,qwen2.5-3b__Q8_0__c8192,6,0.743,0.7186,0.92,0.5111,0.7493,0.7308
A_patrimoniale_comunione,smollm2-1_7b__Q3_K_M__c4096,6,0.6408,0.6406,0.92,0.5111,0.6673,0.6407
A_patrimoniale_comunione,smollm2-1_7b__Q3_K_M__c8192,6,0.6408,0.6406,0.92,0.5111,0.6673,0.6407
A_patrimoniale_comunione,smollm2-1_7b__Q5_K_M__c4096,6,0.4919,0.3779,0.92,0.5111,0.4993,0.4349
A_patrimoniale_comunione,smollm2-1_7b__Q5_K_M__c8192,6,0.4919,0.3779,0.92,0.5111,0.4993,0.4349
A_patrimoniale_comunione,smollm2-1_7b__Q8_0__c4096,6,0.566,0.4934,0.92,0.5111,0.5841,0.5297
A_patrimoniale_comunione,smollm2-1_7b__Q8_0__c8192,6,0.566,0.4934,0.92,0.5111,0.5841,0.5297
A_patrimoniale_comunione,smollm2-360m__Q3_K_M__c4096,6,0.5575,0.5191,0.92,0.5111,0.5647,0.5383
A_patrimoniale_comunione,smollm2-360m__Q3_K_M__c8192,6,0.5575,0.5191,0.92,0.5111,0.5647,0.5383
A_patrimoniale_comunione,smollm2-360m__Q5_K_M__c4096,6,0.6447,0.5199,0.92,0.5111,0.6156,0.5823
A_patrimoniale_comunione,smollm2-360m__Q5_K_M__c8192,6,0.6447,0.5199,0.92,0.5111,0.6156,0.5823
A_patrimoniale_comunione,smollm2-360m__Q8_0__c4096,6,0.6558,0.6701,0.92,0.5111,0.6715,0.6629
A_patrimoniale_comunione,smollm2-360m__Q8_0__c8192,6,0.6558,0.6701,0.92,0.5111,0.6715,0.6629
A_patrimoniale_separazione,gemma2-2b__Q5_K_M__c4096,3,0.7358,0.5258,1.0,0.5556,0.6369,0.6308
A_patrimoniale_separazione,gemma2-2b__Q5_K_M__c8192,3,0.7358,0.5258,1.0,0.5556,0.6369,0.6308
A_patrimoniale_separazione,gemma2-2b__Q8_0__c4096,3,0.6319,0.7442,1.0,0.5556,0.6944,0.6881
A_patrimoniale_separazione,gemma2-2b__Q8_0__c8192,3,0.6319,0.7442,1.0,0.5556,0.6944,0.6881
A_patrimoniale_separazione,llama3.2-1b__Q5_K_M__c4096,3,0.7286,0.7147,1.0,0.5556,0.7498,0.7216
A_patrimoniale_separazione,llama3.2-1b__Q5_K_M__c8192,3,0.7286,0.7147,1.0,0.5556,0.7498,0.7216
A_patrimoniale_separazione,llama3.2-1b__Q8_0__c4096,3,0.7026,0.6842,1.0,0.5556,0.7749,0.6934
A_patrimoniale_separazione,llama3.2-1b__Q8_0__c8192,3,0.7026,0.6842,1.0,0.5556,0.7749,0.6934
A_patrimoniale_separazione,llama3.2-3b__Q5_K_M__c4096,3,0.6395,0.715,1.0,0.5556,0.7176,0.6773
A_patrimoniale_separazione,llama3.2-3b__Q5_K_M__c8192,3,0.6395,0.715,1.0,0.5556,0.7176,0.6773
A_patrimoniale_separazione,llama3.2-3b__Q8_0__c4096,3,0.634,0.7158,1.0,0.5556,0.7187,0.6749
A_patrimoniale_separazione,llama3.2-3b__Q8_0__c8192,3,0.634,0.7158,1.0,0.5556,0.7187,0.6749
A_patrimoniale_separazione,mistral-7b__Q3_K_M__c4096,3,0.6655,0.7011,1.0,0.5556,0.7544,0.6833
A_patrimoniale_separazione,mistral-7b__Q3_K_M__c8192,3,0.6655,0.7011,1.0,0.5556,0.7544,0.6833
A_patrimoniale_separazione,mistral-7b__Q5_K_M__c4096,3,0.6622,0.6751,1.0,0.5556,0.7382,0.6686
A_patrimoniale_separazione,mistral-7b__Q5_K_M__c8192,3,0.6622,0.6751,1.0,0.5556,0.7382,0.6686
A_patrimoniale_separazione,phi3.5-mini__Q3_K_M__c4096,3,0.6864,0.7391,1.0,0.5556,0.7472,0.7128
A_patrimoniale_separazione,phi3.5-mini__Q3_K_M__c8192,3,0.6864,0.7391,1.0,0.5556,0.7472,0.7128
A_patrimoniale_separazione,phi3.5-mini__Q5_K_M__c4096,3,0.683,0.6789,1.0,0.5556,0.7145,0.681
A_patrimoniale_separazione,phi3.5-mini__Q5_K_M__c8192,3,0.683,0.6789,1.0,0.5556,0.7145,0.681
A_patrimoniale_separazione,qwen2.5-0_5b__Q3_K_M__c4096,3,0.6391,0.6779,1.0,0.5556,0.6953,0.6585
A_patrimoniale_separazione,qwen2.5-0_5b__Q3_K_M__c8192,3,0.6391,0.6779,1.0,0.5556,0.6953,0.6585
A_patrimoniale_separazione,qwen2.5-0_5b__Q5_K_M__c4096,3,0.4218,0.3921,1.0,0.5556,0.3997,0.407
A_patrimoniale_separazione,qwen2.5-0_5b__Q5_K_M__c8192,3,0.4218,0.3921,1.0,0.5556,0.3997,0.407
A_patrimoniale_separazione,qwen2.5-0_5b__Q8_0__c4096,3,0.4005,0.5202,1.0,0.5556,0.4659,0.4604
A_patrimoniale_separazione,qwen2.5-0_5b__Q8_0__c8192,3,0.4005,0.5202,1.0,0.5556,0.4659,0.4604
A_patrimoniale_separazione,qwen2.5-1_5b__Q3_K_M__c4096,3,0.6403,0.68,1.0,0.5556,0.6922,0.6602
A_patrimoniale_separazione,qwen2.5-1_5b__Q3_K_M__c8192,3,0.6403,0.68,1.0,0.5556,0.6922,0.6602
A_patrimoniale_separazione,qwen2.5-1_5b__Q5_K_M__c4096,3,0.6532,0.7058,1.0,0.5556,0.7099,0.6795
A_patrimoniale_separazione,qwen2.5-1_5b__Q5_K_M__c8192,3,0.6532,0.7058,1.0,0.5556,0.7099,0.6795
A_patrimoniale_separazione,qwen2.5-1_5b__Q8_0__c4096,3,0.5918,0.6993,1.0,0.5556,0.6792,0.6456
A_patrimoniale_separazione,qwen2.5-1_5b__Q8_0__c8192,3,0.5918,0.6993,1.0,0.5556,0.6792,0.6456
A_patrimoniale_separazione,qwen2.5-3b__Q3_K_M__c4096,3,0.6789,0.7149,1.0,0.5556,0.704,0.6969
A_patrimoniale_separazione,qwen2.5-3b__Q3_K_M__c8192,3,0.6789,0.7149,1.0,0.5556,0.704,0.6969
A_patrimoniale_separazione,qwen2.5-3b__Q5_K_M__c4096,3,0.655,0.7169,1.0,0.5556,0.7122,0.6859
A_patrimoniale_separazione,qwen2.5-3b__Q5_K_M__c8192,3,0.655,0.7169,1.0,0.5556,0.7122,0.6859
A_patrimoniale_separazione,qwen2.5-3b__Q8_0__c4096,3,0.6401,0.7143,1.0,0.5556,0.6845,0.6772
A_patrimoniale_separazione,qwen2.5-3b__Q8_0__c8192,3,0.6401,0.7143,1.0,0.5556,0.6845,0.6772
A_patrimoniale_separazione,smollm2-1_7b__Q3_K_M__c4096,3,0.5392,0.5582,1.0,0.5556,0.5435,0.5487
A_patrimoniale_separazione,smollm2-1_7b__Q3_K_M__c8192,3,0.5392,0.5582,1.0,0.5556,0.5435,0.5487
A_patrimoniale_separazione,smollm2-1_7b__Q5_K_M__c4096,3,0.4318,0.5264,1.0,0.5556,0.5006,0.4791
A_patrimoniale_separazione,smollm2-1_7b__Q5_K_M__c8192,3,0.4318,0.5264,1.0,0.5556,0.5006,0.4791
A_patrimoniale_separazione,smollm2-1_7b__Q8_0__c4096,3,0.3524,0.461,1.0,0.5556,0.4237,0.4067
A_patrimoniale_separazione,smollm2-1_7b__Q8_0__c8192,3,0.3524,0.461,1.0,0.5556,0.4237,0.4067
A_patrimoniale_separazione,smollm2-360m__Q3_K_M__c4096,3,0.2985,0.6409,1.0,0.5556,0.4038,0.4697
A_patrimoniale_separazione,smollm2-360m__Q3_K_M__c8192,3,0.2985,0.6409,1.0,0.5556,0.4038,0.4697
A_patrimoniale_separazione,smollm2-360m__Q5_K_M__c4096,3,0.5216,0.5951,1.0,0.5556,0.6128,0.5583
A_patrimoniale_separazione,smollm2-360m__Q5_K_M__c8192,3,0.5216,0.5951,1.0,0.5556,0.6128,0.5583
A_patrimoniale_separazione,smollm2-360m__Q8_0__c4096,3,0.5999,0.5782,1.0,0.5556,0.6474,0.589
A_patrimoniale_separazione,smollm2-360m__Q8_0__c8192,3,0.5999,0.5782,1.0,0.5556,0.6474,0.589
A_separazione_consensuale,gemma2-2b__Q5_K_M__c4096,4,0.6713,0.6845,0.7333,0.4583,0.7044,0.6779
A_separazione_consensuale,gemma2-2b__Q5_K_M__c8192,4,0.6713,0.6845,0.7333,0.4583,0.7044,0.6779
A_separazione_consensuale,gemma2-2b__Q8_0__c4096,4,0.701,0.675,0.7333,0.4583,0.7039,0.688
A_separazione_consensuale,gemma2-2b__Q8_0__c8192,4,0.701,0.675,0.7333,0.4583,0.7039,0.688
A_separazione_consensuale,llama3.2-1b__Q5_K_M__c4096,4,0.7429,0.6784,0.7333,0.4583,0.7669,0.7106
A_separazione_consensuale,llama3.2-1b__Q5_K_M__c8192,4,0.7429,0.6784,0.7333,0.4583,0.7669,0.7106
A_separazione_consensuale,llama3.2-1b__Q8_0__c4096,4,0.7183,0.6669,0.7333,0.4583,0.7297,0.6926
A_separazione_consensuale,llama3.2-1b__Q8_0__c8192,4,0.7183,0.6669,0.7333,0.4583,0.7297,0.6926
A_separazione_consensuale,llama3.2-3b__Q5_K_M__c4096,4,0.6816,0.6828,0.7333,0.4583,0.7214,0.6822
A_separazione_consensuale,llama3.2-3b__Q5_K_M__c8192,4,0.6816,0.6828,0.7333,0.4583,0.7214,0.6822
A_separazione_consensuale,llama3.2-3b__Q8_0__c4096,4,0.709,0.6991,0.7333,0.4583,0.7278,0.7041
A_separazione_consensuale,llama3.2-3b__Q8_0__c8192,4,0.709,0.6991,0.7333,0.4583,0.7278,0.7041
A_separazione_consensuale,mistral-7b__Q3_K_M__c4096,4,0.677,0.6938,0.7333,0.4583,0.7302,0.6854
A_separazione_consensuale,mistral-7b__Q3_K_M__c8192,4,0.677,0.6938,0.7333,0.4583,0.7302,0.6854
A_separazione_consensuale,mistral-7b__Q5_K_M__c4096,4,0.7162,0.7312,0.7333,0.4583,0.7633,0.7237
A_separazione_consensuale,mistral-7b__Q5_K_M__c8192,4,0.7162,0.7312,0.7333,0.4583,0.7633,0.7237
A_separazione_consensuale,phi3.5-mini__Q3_K_M__c4096,4,0.7057,0.6924,0.7333,0.4583,0.7276,0.699
A_separazione_consensuale,phi3.5-mini__Q3_K_M__c8192,4,0.7057,0.6924,0.7333,0.4583,0.7276,0.699
A_separazione_consensuale,phi3.5-mini__Q5_K_M__c4096,4,0.6995,0.7141,0.7333,0.4583,0.737,0.7068
A_separazione_consensuale,phi3.5-mini__Q5_K_M__c8192,4,0.6995,0.7141,0.7333,0.4583,0.737,0.7068
A_separazione_consensuale,qwen2.5-0_5b__Q3_K_M__c4096,4,0.592,0.6042,0.7333,0.4583,0.5935,0.5981
A_separazione_consensuale,qwen2.5-0_5b__Q3_K_M__c8192,4,0.592,0.6042,0.7333,0.4583,0.5935,0.5981
A_separazione_consensuale,qwen2.5-0_5b__Q5_K_M__c4096,4,0.53,0.5275,0.7333,0.4583,0.5537,0.5288
A_separazione_consensuale,qwen2.5-0_5b__Q5_K_M__c8192,4,0.53,0.5275,0.7333,0.4583,0.5537,0.5288
A_separazione_consensuale,qwen2.5-0_5b__Q8_0__c4096,4,0.4597,0.5161,0.7333,0.4583,0.4694,0.4879
A_separazione_consensuale,qwen2.5-0_5b__Q8_0__c8192,4,0.4597,0.5161,0.7333,0.4583,0.4694,0.4879
A_separazione_consensuale,qwen2.5-1_5b__Q3_K_M__c4096,4,0.614,0.4832,0.7333,0.4583,0.5433,0.5486
A_separazione_consensuale,qwen2.5-1_5b__Q3_K_M__c8192,4,0.614,0.4832,0.7333,0.4583,0.5433,0.5486
A_separazione_consensuale,qwen2.5-1_5b__Q5_K_M__c4096,4,0.7313,0.6982,0.7333,0.4583,0.7562,0.7148
A_separazione_consensuale,qwen2.5-1_5b__Q5_K_M__c8192,4,0.7313,0.6982,0.7333,0.4583,0.7562,0.7148
A_separazione_consensuale,qwen2.5-1_5b__Q8_0__c4096,4,0.7319,0.7132,0.7333,0.4583,0.7678,0.7226
A_separazione_consensuale,qwen2.5-1_5b__Q8_0__c8192,4,0.7319,0.7132,0.7333,0.4583,0.7678,0.7226
A_separazione_consensuale,qwen2.5-3b__Q3_K_M__c4096,4,0.705,0.6827,0.7333,0.4583,0.7138,0.6938
A_separazione_consensuale,qwen2.5-3b__Q3_K_M__c8192,4,0.705,0.6827,0.7333,0.4583,0.7138,0.6938
A_separazione_consensuale,qwen2.5-3b__Q5_K_M__c4096,4,0.6922,0.6964,0.7333,0.4583,0.744,0.6943
A_separazione_consensuale,qwen2.5-3b__Q5_K_M__c8192,4,0.6922,0.6964,0.7333,0.4583,0.744,0.6943
A_separazione_consensuale,qwen2.5-3b__Q8_0__c4096,4,0.698,0.6463,0.7333,0.4583,0.7321,0.6721
A_separazione_consensuale,qwen2.5-3b__Q8_0__c8192,4,0.698,0.6463,0.7333,0.4583,0.7321,0.6721
A_separazione_consensuale,smollm2-1_7b__Q3_K_M__c4096,4,0.6806,0.6478,0.7333,0.4583,0.67,0.6642
A_separazione_consensuale,smollm2-1_7b__Q3_K_M__c8192,4,0.6806,0.6478,0.7333,0.4583,0.67,0.6642
A_separazione_consensuale,smollm2-1_7b__Q5_K_M__c4096,4,0.5822,0.6564,0.7333,0.4583,0.61,0.6193
A_separazione_consensuale,smollm2-1_7b__Q5_K_M__c8192,4,0.5822,0.6564,0.7333,0.4583,0.61,0.6193
A_separazione_consensuale,smollm2-1_7b__Q8_0__c4096,4,0.6543,0.7251,0.7333,0.4583,0.7247,0.6897
A_separazione_consensuale,smollm2-1_7b__Q8_0__c8192,4,0.6543,0.7251,0.7333,0.4583,0.7247,0.6897
A_separazione_consensuale,smollm2-360m__Q3_K_M__c4096,4,0.6329,0.7732,0.7333,0.4583,0.6715,0.7031
A_separazione_consensuale,smollm2-360m__Q3_K_M__c8192,4,0.6329,0.7732,0.7333,0.4583,0.6715,0.7031
A_separazione_consensuale,smollm2-360m__Q5_K_M__c4096,4,0.5716,0.5397,0.7333,0.4583,0.5983,0.5557
A_separazione_consensuale,smollm2-360m__Q5_K_M__c8192,4,0.5716,0.5397,0.7333,0.4583,0.5983,0.5557
A_separazione_consensuale,smollm2-360m__Q8_0__c4096,4,0.5523,0.6067,0.7333,0.4583,0.5943,0.5795
A_separazione_consensuale,smollm2-360m__Q8_0__c8192,4,0.5523,0.6067,0.7333,0.4583,0.5943,0.5795
A_separazione_contenziosa,gemma2-2b__Q5_K_M__c8192,4,0.7109,0.715,0.8667,0.5,0.705,0.7129
A_separazione_contenziosa,gemma2-2b__Q8_0__c8192,4,0.6984,0.7051,0.8667,0.5,0.7064,0.7018
A_separazione_contenziosa,llama3.2-1b__Q5_K_M__c8192,4,0.7879,0.7331,0.8667,0.5,0.7874,0.7605
A_separazione_contenziosa,llama3.2-1b__Q8_0__c8192,4,0.7802,0.7326,0.8667,0.5,0.7941,0.7564
A_separazione_contenziosa,llama3.2-3b__Q5_K_M__c8192,4,0.7008,0.6498,0.8667,0.5,0.6888,0.6753
A_separazione_contenziosa,llama3.2-3b__Q8_0__c8192,4,0.6917,0.643,0.8667,0.5,0.6899,0.6673
A_separazione_contenziosa,mistral-7b__Q3_K_M__c8192,4,0.7242,0.6941,0.8667,0.5,0.7287,0.7092
A_separazione_contenziosa,mistral-7b__Q5_K_M__c8192,4,0.7096,0.6898,0.8667,0.5,0.7239,0.6997
A_separazione_contenziosa,phi3.5-mini__Q3_K_M__c8192,4,0.7121,0.7235,0.8667,0.5,0.7463,0.7178
A_separazione_contenziosa,phi3.5-mini__Q5_K_M__c8192,4,0.7281,0.6733,0.8667,0.5,0.7353,0.7007
A_separazione_contenziosa,qwen2.5-0_5b__Q3_K_M__c8192,4,0.4802,0.4102,0.8667,0.5,0.4864,0.4452
A_separazione_contenziosa,qwen2.5-0_5b__Q5_K_M__c8192,4,0.5168,0.531,0.8667,0.5,0.565,0.5239
A_separazione_contenziosa,qwen2.5-0_5b__Q8_0__c8192,4,0.4398,0.4843,0.8667,0.5,0.4709,0.462
A_separazione_contenziosa,qwen2.5-1_5b__Q3_K_M__c8192,4,0.558,0.5462,0.8667,0.5,0.5718,0.5521
A_separazione_contenziosa,qwen2.5-1_5b__Q5_K_M__c8192,4,0.7111,0.7096,0.8667,0.5,0.7067,0.7104
A_separazione_contenziosa,qwen2.5-1_5b__Q8_0__c8192,4,0.6832,0.6943,0.8667,0.5,0.6972,0.6888
A_separazione_contenziosa,qwen2.5-3b__Q3_K_M__c8192,4,0.7026,0.6666,0.8667,0.5,0.6855,0.6846
A_separazione_contenziosa,qwen2.5-3b__Q5_K_M__c8192,4,0.7094,0.7244,0.8667,0.5,0.7123,0.7169
A_separazione_contenziosa,qwen2.5-3b__Q8_0__c8192,4,0.6816,0.6903,0.8667,0.5,0.7006,0.686
A_separazione_contenziosa,smollm2-1_7b__Q3_K_M__c8192,4,0.5183,0.5114,0.8667,0.5,0.5109,0.5148
A_separazione_contenziosa,smollm2-1_7b__Q5_K_M__c8192,4,0.3913,0.3496,0.8667,0.5,0.4094,0.3704
A_separazione_contenziosa,smollm2-1_7b__Q8_0__c8192,4,0.6003,0.4804,0.8667,0.5,0.5667,0.5404
A_separazione_contenziosa,smollm2-360m__Q3_K_M__c8192,4,0.6299,0.7581,0.8667,0.5,0.6819,0.694
A_separazione_contenziosa,smollm2-360m__Q5_K_M__c8192,4,0.5757,0.5858,0.8667,0.5,0.5879,0.5807
A_separazione_contenziosa,smollm2-360m__Q8_0__c8192,4,0.6404,0.6397,0.8667,0.5,0.6697,0.64
A_succ_legittima,gemma2-2b__Q5_K_M__c4096,22,0.7955,0.6614,0.82,0.4968,0.7716,0.7284
A_succ_legittima,gemma2-2b__Q5_K_M__c8192,22,0.7955,0.6614,0.82,0.4968,0.7716,0.7284
A_succ_legittima,gemma2-2b__Q8_0__c4096,22,0.7861,0.6915,0.82,0.4968,0.7852,0.7388
A_succ_legittima,gemma2-2b__Q8_0__c8192,22,0.7861,0.6915,0.82,0.4968,0.7852,0.7388
A_succ_legittima,llama3.2-1b__Q5_K_M__c4096,22,0.8422,0.6971,0.82,0.4968,0.8364,0.7697
A_succ_legittima,llama3.2-1b__Q5_K_M__c8192,22,0.8422,0.6971,0.82,0.4968,0.8364,0.7697
A_succ_legittima,llama3.2-1b__Q8_0__c4096,22,0.8365,0.6677,0.82,0.4968,0.8226,0.7521
A_succ_legittima,llama3.2-1b__Q8_0__c8192,22,0.8365,0.6677,0.82,0.4968,0.8226,0.7521
A_succ_legittima,llama3.2-3b__Q5_K_M__c4096,22,0.7751,0.67,0.82,0.4968,0.7757,0.7225
A_succ_legittima,llama3.2-3b__Q5_K_M__c8192,22,0.7751,0.67,0.82,0.4968,0.7757,0.7225
A_succ_legittima,llama3.2-3b__Q8_0__c4096,22,0.7626,0.6714,0.82,0.4968,0.7636,0.717
A_succ_legittima,llama3.2-3b__Q8_0__c8192,22,0.7626,0.6714,0.82,0.4968,0.7636,0.717
A_succ_legittima,mistral-7b__Q3_K_M__c4096,22,0.7957,0.6791,0.82,0.4968,0.8067,0.7374
A_succ_legittima,mistral-7b__Q3_K_M__c8192,22,0.7957,0.6791,0.82,0.4968,0.8067,0.7374
A_succ_legittima,mistral-7b__Q5_K_M__c4096,22,0.8045,0.6933,0.82,0.4968,0.8109,0.7489
A_succ_legittima,mistral-7b__Q5_K_M__c8192,22,0.8045,0.6933,0.82,0.4968,0.8109,0.7489
A_succ_legittima,phi3.5-mini__Q3_K_M__c4096,22,0.7827,0.6921,0.82,0.4968,0.7812,0.7374
A_succ_legittima,phi3.5-mini__Q3_K_M__c8192,22,0.7827,0.6921,0.82,0.4968,0.7812,0.7374
A_succ_legittima,phi3.5-mini__Q5_K_M__c4096,22,0.7742,0.6833,0.82,0.4968,0.7825,0.7288
A_succ_legittima,phi3.5-mini__Q5_K_M__c8192,22,0.7742,0.6833,0.82,0.4968,0.7825,0.7288
A_succ_legittima,qwen2.5-0_5b__Q3_K_M__c4096,22,0.6221,0.534,0.82,0.4968,0.6143,0.5781
A_succ_legittima,qwen2.5-0_5b__Q3_K_M__c8192,22,0.6221,0.534,0.82,0.4968,0.6143,0.5781
A_succ_legittima,qwen2.5-0_5b__Q5_K_M__c4096,22,0.5039,0.4223,0.82,0.4968,0.4908,0.4631
A_succ_legittima,qwen2.5-0_5b__Q5_K_M__c8192,22,0.5039,0.4223,0.82,0.4968,0.4908,0.4631
A_succ_legittima,qwen2.5-0_5b__Q8_0__c4096,22,0.4753,0.4152,0.82,0.4968,0.4725,0.4452
A_succ_legittima,qwen2.5-0_5b__Q8_0__c8192,22,0.4753,0.4152,0.82,0.4968,0.4725,0.4452
A_succ_legittima,qwen2.5-1_5b__Q3_K_M__c4096,22,0.6925,0.589,0.82,0.4968,0.68,0.6408
A_succ_legittima,qwen2.5-1_5b__Q3_K_M__c8192,22,0.6925,0.589,0.82,0.4968,0.68,0.6408
A_succ_legittima,qwen2.5-1_5b__Q5_K_M__c4096,22,0.7574,0.6935,0.82,0.4968,0.7603,0.7254
A_succ_legittima,qwen2.5-1_5b__Q5_K_M__c8192,22,0.7574,0.6935,0.82,0.4968,0.7603,0.7254
A_succ_legittima,qwen2.5-1_5b__Q8_0__c4096,22,0.759,0.6823,0.82,0.4968,0.7588,0.7206
A_succ_legittima,qwen2.5-1_5b__Q8_0__c8192,22,0.759,0.6823,0.82,0.4968,0.7588,0.7206
A_succ_legittima,qwen2.5-3b__Q3_K_M__c4096,22,0.7809,0.6687,0.82,0.4968,0.7752,0.7248
A_succ_legittima,qwen2.5-3b__Q3_K_M__c8192,22,0.7809,0.6687,0.82,0.4968,0.7752,0.7248
A_succ_legittima,qwen2.5-3b__Q5_K_M__c4096,22,0.7784,0.6857,0.82,0.4968,0.7816,0.732
A_succ_legittima,qwen2.5-3b__Q5_K_M__c8192,22,0.7784,0.6857,0.82,0.4968,0.7816,0.732
A_succ_legittima,qwen2.5-3b__Q8_0__c4096,22,0.7491,0.6587,0.82,0.4968,0.7476,0.7039
A_succ_legittima,qwen2.5-3b__Q8_0__c8192,22,0.7491,0.6587,0.82,0.4968,0.7476,0.7039
A_succ_legittima,smollm2-1_7b__Q3_K_M__c4096,22,0.6867,0.5625,0.82,0.4968,0.6468,0.6246
A_succ_legittima,smollm2-1_7b__Q3_K_M__c8192,22,0.6867,0.5625,0.82,0.4968,0.6468,0.6246
A_succ_legittima,smollm2-1_7b__Q5_K_M__c4096,22,0.6263,0.5635,0.82,0.4968,0.6341,0.5949
A_succ_legittima,smollm2-1_7b__Q5_K_M__c8192,22,0.6263,0.5635,0.82,0.4968,0.6341,0.5949
A_succ_legittima,smollm2-1_7b__Q8_0__c4096,22,0.6991,0.6073,0.82,0.4968,0.6904,0.6532
A_succ_legittima,smollm2-1_7b__Q8_0__c8192,22,0.6991,0.6073,0.82,0.4968,0.6904,0.6532
A_succ_legittima,smollm2-360m__Q3_K_M__c4096,22,0.693,0.632,0.82,0.4968,0.677,0.6625
A_succ_legittima,smollm2-360m__Q3_K_M__c8192,22,0.693,0.632,0.82,0.4968,0.677,0.6625
A_succ_legittima,smollm2-360m__Q5_K_M__c4096,22,0.7013,0.6022,0.82,0.4968,0.6994,0.6518
A_succ_legittima,smollm2-360m__Q5_K_M__c8192,22,0.7013,0.6022,0.82,0.4968,0.6994,0.6518
A_succ_legittima,smollm2-360m__Q8_0__c4096,22,0.717,0.6407,0.82,0.4968,0.7276,0.6788
A_succ_legittima,smollm2-360m__Q8_0__c8192,22,0.717,0.6407,0.82,0.4968,0.7276,0.6788
A_succ_testamentaria,gemma2-2b__Q5_K_M__c4096,14,0.7718,0.6854,0.7846,0.5108,0.7678,0.7286
A_succ_testamentaria,gemma2-2b__Q5_K_M__c8192,14,0.7718,0.6854,0.7846,0.5108,0.7678,0.7286
A_succ_testamentaria,gemma2-2b__Q8_0__c4096,14,0.778,0.699,0.7846,0.5108,0.7749,0.7385
A_succ_testamentaria,gemma2-2b__Q8_0__c8192,14,0.778,0.699,0.7846,0.5108,0.7749,0.7385
A_succ_testamentaria,llama3.2-1b__Q5_K_M__c4096,14,0.8595,0.7207,0.7846,0.5108,0.8501,0.7901
A_succ_testamentaria,llama3.2-1b__Q5_K_M__c8192,14,0.8595,0.7207,0.7846,0.5108,0.8501,0.7901
A_succ_testamentaria,llama3.2-1b__Q8_0__c4096,14,0.8508,0.7038,0.7846,0.5108,0.8339,0.7773
A_succ_testamentaria,llama3.2-1b__Q8_0__c8192,14,0.8508,0.7038,0.7846,0.5108,0.8339,0.7773
A_succ_testamentaria,llama3.2-3b__Q5_K_M__c4096,14,0.7717,0.6277,0.7846,0.5108,0.788,0.6997
A_succ_testamentaria,llama3.2-3b__Q5_K_M__c8192,14,0.7717,0.6277,0.7846,0.5108,0.788,0.6997
A_succ_testamentaria,llama3.2-3b__Q8_0__c4096,14,0.7873,0.6602,0.7846,0.5108,0.7828,0.7237
A_succ_testamentaria,llama3.2-3b__Q8_0__c8192,14,0.7873,0.6602,0.7846,0.5108,0.7828,0.7237
A_succ_testamentaria,mistral-7b__Q3_K_M__c4096,14,0.8297,0.6652,0.7846,0.5108,0.829,0.7475
A_succ_testamentaria,mistral-7b__Q3_K_M__c8192,14,0.8297,0.6652,0.7846,0.5108,0.829,0.7475
A_succ_testamentaria,mistral-7b__Q5_K_M__c4096,14,0.8253,0.668,0.7846,0.5108,0.8209,0.7467
A_succ_testamentaria,mistral-7b__Q5_K_M__c8192,14,0.8253,0.668,0.7846,0.5108,0.8209,0.7467
A_succ_testamentaria,phi3.5-mini__Q3_K_M__c4096,14,0.7916,0.6802,0.7846,0.5108,0.7805,0.7359
A_succ_testamentaria,phi3.5-mini__Q3_K_M__c8192,14,0.7916,0.6802,0.7846,0.5108,0.7805,0.7359
A_succ_testamentaria,phi3.5-mini__Q5_K_M__c4096,14,0.7899,0.6724,0.7846,0.5108,0.7857,0.7311
A_succ_testamentaria,phi3.5-mini__Q5_K_M__c8192,14,0.7899,0.6724,0.7846,0.5108,0.7857,0.7311
A_succ_testamentaria,qwen2.5-0_5b__Q3_K_M__c4096,14,0.7026,0.5803,0.7846,0.5108,0.6787,0.6414
A_succ_testamentaria,qwen2.5-0_5b__Q3_K_M__c8192,14,0.7026,0.5803,0.7846,0.5108,0.6787,0.6414
A_succ_testamentaria,qwen2.5-0_5b__Q5_K_M__c4096,14,0.5127,0.4164,0.7846,0.5108,0.489,0.4645
A_succ_testamentaria,qwen2.5-0_5b__Q5_K_M__c8192,14,0.5127,0.4164,0.7846,0.5108,0.489,0.4645
A_succ_testamentaria,qwen2.5-0_5b__Q8_0__c4096,14,0.4983,0.396,0.7846,0.5108,0.4761,0.4472
A_succ_testamentaria,qwen2.5-0_5b__Q8_0__c8192,14,0.4983,0.396,0.7846,0.5108,0.4761,0.4472
A_succ_testamentaria,qwen2.5-1_5b__Q3_K_M__c4096,14,0.7154,0.6203,0.7846,0.5108,0.7015,0.6679
A_succ_testamentaria,qwen2.5-1_5b__Q3_K_M__c8192,14,0.7154,0.6203,0.7846,0.5108,0.7015,0.6679
A_succ_testamentaria,qwen2.5-1_5b__Q5_K_M__c4096,14,0.6997,0.6482,0.7846,0.5108,0.7031,0.674
A_succ_testamentaria,qwen2.5-1_5b__Q5_K_M__c8192,14,0.6997,0.6482,0.7846,0.5108,0.7031,0.674
A_succ_testamentaria,qwen2.5-1_5b__Q8_0__c4096,14,0.7584,0.6684,0.7846,0.5108,0.7449,0.7134
A_succ_testamentaria,qwen2.5-1_5b__Q8_0__c8192,14,0.7584,0.6684,0.7846,0.5108,0.7449,0.7134
A_succ_testamentaria,qwen2.5-3b__Q3_K_M__c4096,14,0.7862,0.6875,0.7846,0.5108,0.7851,0.7369
A_succ_testamentaria,qwen2.5-3b__Q3_K_M__c8192,14,0.7862,0.6875,0.7846,0.5108,0.7851,0.7369
A_succ_testamentaria,qwen2.5-3b__Q5_K_M__c4096,14,0.7838,0.6718,0.7846,0.5108,0.7823,0.7278
A_succ_testamentaria,qwen2.5-3b__Q5_K_M__c8192,14,0.7838,0.6718,0.7846,0.5108,0.7823,0.7278
A_succ_testamentaria,qwen2.5-3b__Q8_0__c4096,14,0.7584,0.6415,0.7846,0.5108,0.7496,0.6999
A_succ_testamentaria,qwen2.5-3b__Q8_0__c8192,14,0.7584,0.6415,0.7846,0.5108,0.7496,0.6999
A_succ_testamentaria,smollm2-1_7b__Q3_K_M__c4096,14,0.6176,0.483,0.7846,0.5108,0.5862,0.5503
A_succ_testamentaria,smollm2-1_7b__Q3_K_M__c8192,14,0.6176,0.483,0.7846,0.5108,0.5862,0.5503
A_succ_testamentaria,smollm2-1_7b__Q5_K_M__c4096,14,0.6644,0.5765,0.7846,0.5108,0.6593,0.6205
A_succ_testamentaria,smollm2-1_7b__Q5_K_M__c8192,14,0.6644,0.5765,0.7846,0.5108,0.6593,0.6205
A_succ_testamentaria,smollm2-1_7b__Q8_0__c4096,14,0.6969,0.613,0.7846,0.5108,0.6841,0.655
A_succ_testamentaria,smollm2-1_7b__Q8_0__c8192,14,0.6969,0.613,0.7846,0.5108,0.6841,0.655
A_succ_testamentaria,smollm2-360m__Q3_K_M__c4096,14,0.7648,0.6654,0.7846,0.5108,0.7641,0.7151
A_succ_testamentaria,smollm2-360m__Q3_K_M__c8192,14,0.7648,0.6654,0.7846,0.5108,0.7641,0.7151
A_succ_testamentaria,smollm2-360m__Q5_K_M__c4096,14,0.8124,0.6854,0.7846,0.5108,0.8142,0.7489
A_succ_testamentaria,smollm2-360m__Q5_K_M__c8192,14,0.8124,0.6854,0.7846,0.5108,0.8142,0.7489
A_succ_testamentaria,smollm2-360m__Q8_0__c4096,14,0.7781,0.6652,0.7846,0.5108,0.7857,0.7216
A_succ_testamentaria,smollm2-360m__Q8_0__c8192,14,0.7781,0.6652,0.7846,0.5108,0.7857,0.7216
A_synth,gemma2-2b__Q5_K_M__c8192,25,0.638,0.655,0.816,0.5175,0.7142,0.7142
A_synth,gemma2-2b__Q8_0__c8192,25,0.6576,0.6657,0.816,0.5175,0.7191,0.7191
A_synth,llama3.2-1b__Q5_K_M__c8192,25,0.7454,0.557,0.816,0.5175,0.6432,0.6432
A_synth,llama3.2-1b__Q8_0__c8192,25,0.7639,0.5669,0.816,0.5175,0.6529,0.6529
A_synth,llama3.2-3b__Q5_K_M__c8192,25,0.6709,0.6308,0.816,0.5175,0.7018,0.7018
A_synth,llama3.2-3b__Q8_0__c8192,25,0.6796,0.6257,0.816,0.5175,0.7087,0.7087
A_synth,mistral-7b__Q3_K_M__c8192,25,0.6549,0.6736,0.816,0.5175,0.7651,0.7651
A_synth,mistral-7b__Q5_K_M__c8192,25,0.6303,0.6915,0.816,0.5175,0.7706,0.7706
A_synth,phi3.5-mini__Q3_K_M__c8192,25,0.644,0.6501,0.816,0.5175,0.7297,0.7297
A_synth,phi3.5-mini__Q5_K_M__c8192,25,0.6675,0.6641,0.816,0.5175,0.7276,0.7276
A_synth,qwen2.5-0_5b__Q3_K_M__c8192,25,0.8321,0.521,0.816,0.5175,0.6137,0.6137
A_synth,qwen2.5-0_5b__Q5_K_M__c8192,25,0.825,0.5291,0.816,0.5175,0.6068,0.6068
A_synth,qwen2.5-0_5b__Q8_0__c8192,25,0.8373,0.513,0.816,0.5175,0.5996,0.5996
A_synth,qwen2.5-1_5b__Q3_K_M__c8192,25,0.8232,0.5769,0.816,0.5175,0.6474,0.6474
A_synth,qwen2.5-1_5b__Q5_K_M__c8192,25,0.815,0.5668,0.816,0.5175,0.6498,0.6498
A_synth,qwen2.5-1_5b__Q8_0__c8192,25,0.789,0.5625,0.816,0.5175,0.6386,0.6386
A_synth,qwen2.5-3b__Q3_K_M__c8192,25,0.6386,0.6117,0.816,0.5175,0.694,0.694
A_synth,qwen2.5-3b__Q5_K_M__c8192,25,0.6429,0.6413,0.816,0.5175,0.7089,0.7089
A_synth,qwen2.5-3b__Q8_0__c8192,25,0.6834,0.6177,0.816,0.5175,0.6945,0.6945
A_synth,smollm2-1_7b__Q3_K_M__c8192,25,0.8259,0.5342,0.816,0.5175,0.6212,0.6212
A_synth,smollm2-1_7b__Q5_K_M__c8192,25,0.8177,0.521,0.816,0.5175,0.6162,0.6162
A_synth,smollm2-1_7b__Q8_0__c8192,25,0.8129,0.5359,0.816,0.5175,0.6253,0.6253
A_synth,smollm2-360m__Q3_K_M__c8192,25,0.7555,0.5555,0.816,0.5175,0.6036,0.6036
A_synth,smollm2-360m__Q5_K_M__c8192,25,0.6881,0.4947,0.816,0.5175,0.567,0.567
A_synth,smollm2-360m__Q8_0__c8192,25,0.7028,0.4948,0.816,0.5175,0.5658,0.5658
A_tutela_minori,gemma2-2b__Q5_K_M__c8192,9,0.7343,0.6806,0.75,0.4358,0.7424,0.7075
A_tutela_minori,gemma2-2b__Q8_0__c8192,9,0.7294,0.7008,0.75,0.4358,0.751,0.7151
A_tutela_minori,llama3.2-1b__Q5_K_M__c8192,9,0.8191,0.7065,0.75,0.4358,0.8226,0.7628
A_tutela_minori,llama3.2-1b__Q8_0__c8192,9,0.7914,0.6869,0.75,0.4358,0.8052,0.7392
A_tutela_minori,llama3.2-3b__Q5_K_M__c8192,9,0.751,0.6928,0.75,0.4358,0.7601,0.7219
A_tutela_minori,llama3.2-3b__Q8_0__c8192,9,0.7306,0.6848,0.75,0.4358,0.7449,0.7077
A_tutela_minori,mistral-7b__Q3_K_M__c8192,9,0.7855,0.6852,0.75,0.4358,0.7882,0.7354
A_tutela_minori,mistral-7b__Q5_K_M__c8192,9,0.8067,0.6991,0.75,0.4358,0.8108,0.7529
A_tutela_minori,phi3.5-mini__Q3_K_M__c8192,9,0.7482,0.7015,0.75,0.4358,0.7631,0.7249
A_tutela_minori,phi3.5-mini__Q5_K_M__c8192,9,0.7418,0.6805,0.75,0.4358,0.7544,0.7111
A_tutela_minori,qwen2.5-0_5b__Q3_K_M__c8192,9,0.5148,0.4936,0.75,0.4358,0.5172,0.5042
A_tutela_minori,qwen2.5-0_5b__Q5_K_M__c8192,9,0.5178,0.4693,0.75,0.4358,0.5221,0.4935
A_tutela_minori,qwen2.5-0_5b__Q8_0__c8192,9,0.4575,0.3978,0.75,0.4358,0.4443,0.4276
A_tutela_minori,qwen2.5-1_5b__Q3_K_M__c8192,9,0.6014,0.5437,0.75,0.4358,0.5898,0.5726
A_tutela_minori,qwen2.5-1_5b__Q5_K_M__c8192,9,0.7277,0.7434,0.75,0.4358,0.7501,0.7355
A_tutela_minori,qwen2.5-1_5b__Q8_0__c8192,9,0.7134,0.6791,0.75,0.4358,0.7274,0.6962
A_tutela_minori,qwen2.5-3b__Q3_K_M__c8192,9,0.727,0.6662,0.75,0.4358,0.7462,0.6966
A_tutela_minori,qwen2.5-3b__Q5_K_M__c8192,9,0.7821,0.6974,0.75,0.4358,0.7822,0.7398
A_tutela_minori,qwen2.5-3b__Q8_0__c8192,9,0.7169,0.6523,0.75,0.4358,0.716,0.6846
A_tutela_minori,smollm2-1_7b__Q3_K_M__c8192,9,0.694,0.5391,0.75,0.4358,0.6517,0.6165
A_tutela_minori,smollm2-1_7b__Q5_K_M__c8192,9,0.5012,0.5118,0.75,0.4358,0.5332,0.5065
A_tutela_minori,smollm2-1_7b__Q8_0__c8192,9,0.6825,0.5812,0.75,0.4358,0.6865,0.6318
A_tutela_minori,smollm2-360m__Q3_K_M__c8192,9,0.6224,0.629,0.75,0.4358,0.6331,0.6257
A_tutela_minori,smollm2-360m__Q5_K_M__c8192,9,0.6436,0.591,0.75,0.4358,0.6464,0.6173
A_tutela_minori,smollm2-360m__Q8_0__c8192,9,0.6334,0.6371,0.75,0.4358,0.6426,0.6352
A_volontaria_giurisdizione,gemma2-2b__Q5_K_M__c4096,9,0.7629,0.7018,0.775,0.4462,0.7772,0.7323
A_volontaria_giurisdizione,gemma2-2b__Q5_K_M__c8192,9,0.7629,0.7018,0.775,0.4462,0.7772,0.7323
A_volontaria_giurisdizione,gemma2-2b__Q8_0__c4096,9,0.7692,0.701,0.775,0.4462,0.7763,0.7351
A_volontaria_giurisdizione,gemma2-2b__Q8_0__c8192,9,0.7692,0.701,0.775,0.4462,0.7763,0.7351
A_volontaria_giurisdizione,llama3.2-1b__Q5_K_M__c4096,9,0.8098,0.7227,0.775,0.4462,0.8299,0.7662
A_volontaria_giurisdizione,llama3.2-1b__Q5_K_M__c8192,9,0.8098,0.7227,0.775,0.4462,0.8299,0.7662
A_volontaria_giurisdizione,llama3.2-1b__Q8_0__c4096,9,0.8198,0.6892,0.775,0.4462,0.8263,0.7545
A_volontaria_giurisdizione,llama3.2-1b__Q8_0__c8192,9,0.8198,0.6892,0.775,0.4462,0.8263,0.7545
A_volontaria_giurisdizione,llama3.2-3b__Q5_K_M__c4096,9,0.7579,0.7,0.775,0.4462,0.7732,0.729
A_volontaria_giurisdizione,llama3.2-3b__Q5_K_M__c8192,9,0.7579,0.7,0.775,0.4462,0.7732,0.729
A_volontaria_giurisdizione,llama3.2-3b__Q8_0__c4096,9,0.7446,0.6929,0.775,0.4462,0.7568,0.7187
A_volontaria_giurisdizione,llama3.2-3b__Q8_0__c8192,9,0.7446,0.6929,0.775,0.4462,0.7568,0.7187
A_volontaria_giurisdizione,mistral-7b__Q3_K_M__c4096,9,0.7762,0.6933,0.775,0.4462,0.7922,0.7348
A_volontaria_giurisdizione,mistral-7b__Q3_K_M__c8192,9,0.7762,0.6933,0.775,0.4462,0.7922,0.7348
A_volontaria_giurisdizione,mistral-7b__Q5_K_M__c4096,9,0.7908,0.7099,0.775,0.4462,0.8029,0.7504
A_volontaria_giurisdizione,mistral-7b__Q5_K_M__c8192,9,0.7908,0.7099,0.775,0.4462,0.8029,0.7504
A_volontaria_giurisdizione,phi3.5-mini__Q3_K_M__c4096,9,0.7666,0.7027,0.775,0.4462,0.7766,0.7346
A_volontaria_giurisdizione,phi3.5-mini__Q3_K_M__c8192,9,0.7666,0.7027,0.775,0.4462,0.7766,0.7346
A_volontaria_giurisdizione,phi3.5-mini__Q5_K_M__c4096,9,0.7655,0.6961,0.775,0.4462,0.7714,0.7308
A_volontaria_giurisdizione,phi3.5-mini__Q5_K_M__c8192,9,0.7655,0.6961,0.775,0.4462,0.7714,0.7308
A_volontaria_giurisdizione,qwen2.5-0_5b__Q3_K_M__c4096,9,0.537,0.4002,0.775,0.4462,0.5002,0.4686
A_volontaria_giurisdizione,qwen2.5-0_5b__Q3_K_M__c8192,9,0.537,0.4002,0.775,0.4462,0.5002,0.4686
A_volontaria_giurisdizione,qwen2.5-0_5b__Q5_K_M__c4096,9,0.5253,0.4971,0.775,0.4462,0.5283,0.5112
A_volontaria_giurisdizione,qwen2.5-0_5b__Q5_K_M__c8192,9,0.5253,0.4971,0.775,0.4462,0.5283,0.5112
A_volontaria_giurisdizione,qwen2.5-0_5b__Q8_0__c4096,9,0.459,0.3729,0.775,0.4462,0.4356,0.4159
A_volontaria_giurisdizione,qwen2.5-0_5b__Q8_0__c8192,9,0.459,0.3729,0.775,0.4462,0.4356,0.4159
A_volontaria_giurisdizione,qwen2.5-1_5b__Q3_K_M__c4096,9,0.6111,0.5606,0.775,0.4462,0.6342,0.5859
A_volontaria_giurisdizione,qwen2.5-1_5b__Q3_K_M__c8192,9,0.6111,0.5606,0.775,0.4462,0.6342,0.5859
A_volontaria_giurisdizione,qwen2.5-1_5b__Q5_K_M__c4096,9,0.726,0.6962,0.775,0.4462,0.7392,0.7111
A_volontaria_giurisdizione,qwen2.5-1_5b__Q5_K_M__c8192,9,0.726,0.6962,0.775,0.4462,0.7392,0.7111
A_volontaria_giurisdizione,qwen2.5-1_5b__Q8_0__c4096,9,0.7524,0.6879,0.775,0.4462,0.7685,0.7201
A_volontaria_giurisdizione,qwen2.5-1_5b__Q8_0__c8192,9,0.7524,0.6879,0.775,0.4462,0.7685,0.7201
A_volontaria_giurisdizione,qwen2.5-3b__Q3_K_M__c4096,9,0.7411,0.681,0.775,0.4462,0.7556,0.7111
A_volontaria_giurisdizione,qwen2.5-3b__Q3_K_M__c8192,9,0.7411,0.681,0.775,0.4462,0.7556,0.7111
A_volontaria_giurisdizione,qwen2.5-3b__Q5_K_M__c4096,9,0.7925,0.7099,0.775,0.4462,0.7991,0.7512
A_volontaria_giurisdizione,qwen2.5-3b__Q5_K_M__c8192,9,0.7925,0.7099,0.775,0.4462,0.7991,0.7512
A_volontaria_giurisdizione,qwen2.5-3b__Q8_0__c4096,9,0.73,0.6592,0.775,0.4462,0.7316,0.6946
A_volontaria_giurisdizione,qwen2.5-3b__Q8_0__c8192,9,0.73,0.6592,0.775,0.4462,0.7316,0.6946
A_volontaria_giurisdizione,smollm2-1_7b__Q3_K_M__c4096,9,0.725,0.6287,0.775,0.4462,0.7025,0.6769
A_volontaria_giurisdizione,smollm2-1_7b__Q3_K_M__c8192,9,0.725,0.6287,0.775,0.4462,0.7025,0.6769
A_volontaria_giurisdizione,smollm2-1_7b__Q5_K_M__c4096,9,0.5916,0.5039,0.775,0.4462,0.598,0.5478
A_volontaria_giurisdizione,smollm2-1_7b__Q5_K_M__c8192,9,0.5916,0.5039,0.775,0.4462,0.598,0.5478
A_volontaria_giurisdizione,smollm2-1_7b__Q8_0__c4096,9,0.7346,0.6087,0.775,0.4462,0.7461,0.6716
A_volontaria_giurisdizione,smollm2-1_7b__Q8_0__c8192,9,0.7346,0.6087,0.775,0.4462,0.7461,0.6716
A_volontaria_giurisdizione,smollm2-360m__Q3_K_M__c4096,9,0.6503,0.6092,0.775,0.4462,0.6607,0.6297
A_volontaria_giurisdizione,smollm2-360m__Q3_K_M__c8192,9,0.6503,0.6092,0.775,0.4462,0.6607,0.6297
A_volontaria_giurisdizione,smollm2-360m__Q5_K_M__c4096,9,0.6684,0.5816,0.775,0.4462,0.6696,0.625
A_volontaria_giurisdizione,smollm2-360m__Q5_K_M__c8192,9,0.6684,0.5816,0.775,0.4462,0.6696,0.625
A_volontaria_giurisdizione,smollm2-360m__Q8_0__c4096,9,0.7119,0.6321,0.775,0.4462,0.7245,0.672
A_volontaria_giurisdizione,smollm2-360m__Q8_0__c8192,9,0.7119,0.6321,0.775,0.4462,0.7245,0.672
